Vulnerability,TP,FP,TN,FN,Precision,Recall,F1 Score,Accuracy
access_control,8.0,34.0,0.0,13.0,0.19047619047619047,0.38095238095238093,0.25396825396825395,0.14545454545454545
arithmetic,11.0,13.0,0.0,12.0,0.4583333333333333,0.4782608695652174,0.4680851063829787,0.3055555555555556
bad_randomness,11.0,19.0,0.0,20.0,0.36666666666666664,0.3548387096774194,0.36065573770491804,0.22
denial_of_service,2.0,13.0,0.0,5.0,0.13333333333333333,0.2857142857142857,0.18181818181818182,0.1
front_running,0.0,0.0,0.0,7.0,0.0,0.0,0.0,0.0
reentrancy,24.0,76.0,0.0,6.0,0.24,0.8,0.36923076923076925,0.22641509433962265
unchecked_low_level_calls,31.0,40.0,0.0,41.0,0.43661971830985913,0.4305555555555556,0.43356643356643354,0.2767857142857143
short_addresses,1.0,1.0,0.0,0.0,0.5,1.0,0.6666666666666666,0.5
time_manipulation,1.0,2.0,0.0,6.0,0.3333333333333333,0.14285714285714285,0.2,0.1111111111111111
Average,9.88888888888889,22.0,0.0,12.222222222222221,0.29541806393919073,0.430353216035778,0.3259990165931336,0.20948022452739437
